<feed xmlns="http://www.w3.org/2005/Atom" xmlns:georss="http://www.georss.org/georss" xmlns:os="http://a9.com/-/spec/opensearch/1.1/" xmlns:media="http://search.yahoo.com/mrss/"><id>urn:uuid:2b1065ad-2d46-4ce9-9c2c-47435a0efa37</id><title type="text">Voyager Search</title><subtitle type="text">Data Discovery</subtitle><os:Query role="request" startIndex="0" totalResult="2" searchTerms="vegas"></os:Query><link href="http://localhost:8888/feed/description.xml" rel="search" type="application/opensearchdescription+xml"></link><os:totalResults>2</os:totalResults><os:itemsPerPage>10</os:itemsPerPage><os:startIndex>0</os:startIndex><georss:box>35.349998 -115.970001 36.949997 -113.860001</georss:box><media:group></media:group><entry><id>eda1e8e1784a01ad</id><title type="text">las_vegas_area.rrd</title><updated>2014-12-22T19:24:53.468Z</updated><link href="http://localhost:8888/voyager/id=eda1e8e1784a01ad/" title="detail"></link><link href="d:\Test%20Data\Highlights\DemoData\GIMS\RSADataAppliance\Satellite\Global\Samples\las_vegas_usa\las_vegas_area.rrd" type="application/octet-stream" title="content" length="44827242"></link><summary type="html">&lt;div class="snippet"&gt;
	&lt;div class="abstract" style="overflow: auto;" &gt;
	  
	&lt;/div&gt;
	
	&lt;div class="links"&gt;
		  &lt;A HREF="http://localhost:8888/voyager/id=eda1e8e1784a01ad/" target="_blank"&gt;Details&lt;/A&gt;
					&lt;/div&gt;
&lt;/div&gt;
</summary><media:thumbnail url="http://localhost:8888/vres/mime/thumb/application/octet-stream?v=1.9.5.2560"></media:thumbnail></entry><entry><id>5d1c1a77b4bef6db</id><title type="text">Las Vegas, NV, USA (15 m) - DigitalGlobe Millennium Mosaic</title><updated>2014-12-22T19:25:16.739Z</updated><link href="http://localhost:8888/voyager/id=5d1c1a77b4bef6db/" title="detail"></link><link href="d:\Test%20Data\Highlights\DemoData\GIMS\RSADataAppliance\Satellite\Global\Samples\las_vegas_usa\las_vegas_area.img.xml" type="application/xml" title="content" length="140859"></link><summary type="html">&lt;div class="snippet"&gt;
	&lt;div class="abstract" style="overflow: auto;" &gt;
	  Las Vegas, NV, USA (15 m) - DigitalGlobe Millennium Mosaic represents a Landsat 15-meter (49-foot) resolution sample image of Las Vegas, Nevada, USA and surrounding area.
	&lt;/div&gt;
	
	&lt;div class="links"&gt;
		  &lt;A HREF="http://localhost:8888/voyager/id=5d1c1a77b4bef6db/" target="_blank"&gt;Details&lt;/A&gt;
					&lt;/div&gt;
&lt;/div&gt;
</summary><media:thumbnail url="http://localhost:8888/vres/mime/thumb/application/xml?v=1.9.5.2560"></media:thumbnail><georss:box>35.3538 -115.9699 36.9485 -113.8662</georss:box></entry></feed>